<?xml version="1.0" encoding="UTF-8"?>
<l:dependencies xmlns:l='licenses' groupId='org.jenkins-ci.plugins' artifactId='pam-auth' version='1.3'><l:dependency name='PAM Authentication plugin' groupId='org.jenkins-ci.plugins' artifactId='pam-auth' version='1.3' url='http://wiki.jenkins-ci.org/display/JENKINS/PAM+Authentication+Plugin'><l:description>Adds Unix Pluggable Authentication Module (PAM) support to Jenkins</l:description><l:license name='The MIT license' url='http://www.opensource.org/licenses/mit-license.php'/></l:dependency><l:dependency name='Java binding for libpam.so' groupId='org.kohsuke' artifactId='libpam4j' version='1.6' url='http://kohsuke.org/libpam4j/'><l:description>Java binding for libpam.so</l:description><l:license name='The MIT license' url='http://www.opensource.org/licenses/mit-license.php'/></l:dependency><l:dependency name='Java Native Access' groupId='net.java.dev.jna' artifactId='jna' version='3.4.0' url='https://github.com/twall/jna'><l:description>Java Native Access</l:description><l:license name='LGPL, version 2.1' url='http://creativecommons.org/licenses/LGPL/2.1/'/></l:dependency></l:dependencies>