<?xml version="1.0" encoding="UTF-8"?>
<l:dependencies xmlns:l='licenses' groupId='org.jenkins-ci.plugins.workflow' artifactId='workflow-cps-global-lib' version='2.9'><l:dependency name='Pipeline: Shared Groovy Libraries' groupId='org.jenkins-ci.plugins.workflow' artifactId='workflow-cps-global-lib' version='2.9' url='https://wiki.jenkins-ci.org/display/JENKINS/Pipeline+Shared+Groovy+Libraries+Plugin'><l:description>The Jenkins Plugins Parent POM Project</l:description><l:license name='MIT License' url='http://opensource.org/licenses/MIT'/></l:dependency><l:dependency name='JBoss Marshalling API' groupId='org.jboss.marshalling' artifactId='jboss-marshalling' version='1.4.9.Final' url='http://www.jboss.org/jboss-marshalling-parent/jboss-marshalling'><l:description>JBoss Marshalling API</l:description><l:license name='Public Domain' url='http://repository.jboss.org/licenses/cc0-1.0.txt'/></l:dependency><l:dependency name='Apache Ivy' groupId='org.apache.ivy' artifactId='ivy' version='2.4.0' url='http://ant.apache.org/ivy/'><l:description>The Apache Software Foundation provides support for the Apache community of open-source software projects.
    The Apache projects are characterized by a collaborative, consensus based development process, an open and
    pragmatic software license, and a desire to create high quality software that leads the way in its field.
    We consider ourselves not simply a group of projects sharing a server, but rather a community of developers
    and users.</l:description><l:license name='The Apache Software License, Version 2.0' url='http://www.apache.org/licenses/LICENSE-2.0.txt'/></l:dependency><l:dependency name='JBoss Marshalling River' groupId='org.jboss.marshalling' artifactId='jboss-marshalling-river' version='1.4.9.Final' url='http://www.jboss.org/jboss-marshalling-parent/jboss-marshalling-river'><l:description>JBoss Marshalling River Implementation</l:description><l:license name='Public Domain' url='http://repository.jboss.org/licenses/cc0-1.0.txt'/></l:dependency><l:dependency name='Apache Commons Lang' groupId='org.apache.commons' artifactId='commons-lang3' version='3.5' url='http://commons.apache.org/proper/commons-lang/'><l:description>Apache Commons Lang, a package of Java utility classes for the
  classes that are in java.lang's hierarchy, or are considered to be so
  standard as to justify existence in java.lang.</l:description><l:license name='Apache License, Version 2.0' url='https://www.apache.org/licenses/LICENSE-2.0.txt'/></l:dependency><l:dependency name='abego TreeLayout Core' groupId='org.abego.treelayout' artifactId='org.abego.treelayout.core' version='1.0.1' url='http://code.google.com/p/treelayout/'><l:description>Efficient and customizable TreeLayout Algorithm in Java.</l:description><l:license name='BSD 3-Clause "New" or "Revised" License (BSD-3-Clause)' url='http://treelayout.googlecode.com/files/LICENSE.TXT'/></l:dependency><l:dependency name='Credentials Plugin' groupId='org.jenkins-ci.plugins' artifactId='credentials' version='2.1.8' url='http://wiki.jenkins-ci.org/display/JENKINS/Credentials+Plugin'><l:description>This plugin allows you to store credentials in Jenkins.</l:description><l:license name='The MIT license' url='http://www.opensource.org/licenses/mit-license.php'/></l:dependency><l:dependency name='ANTLR 4 Runtime' groupId='org.antlr' artifactId='antlr4-runtime' version='4.5' url='http://www.antlr.org'><l:description>The ANTLR 4 Runtime</l:description><l:license name='BSD 3-Clause License' url='http://opensource.org/licenses/BSD-3-Clause'/></l:dependency></l:dependencies>