<?xml version="1.0" encoding="UTF-8"?>
<l:dependencies xmlns:l='licenses' groupId='org.jenkinsci.plugins' artifactId='pipeline-model-api' version='1.2.9'><l:dependency name='Pipeline: Model API' groupId='org.jenkinsci.plugins' artifactId='pipeline-model-api' version='1.2.9' url='https://wiki.jenkins-ci.org/display/JENKINS/Pipeline+Model+Definition+Plugin'><l:description>Model API for Declarative Pipeline</l:description><l:license name='MIT' url='http://opensource.org/licenses/MIT'/></l:dependency><l:dependency name='Jackson-core' groupId='com.fasterxml.jackson.core' artifactId='jackson-core' version='2.2.2' url='http://wiki.fasterxml.com/JacksonHome'><l:description>Core Jackson abstractions, basic JSON streaming API implementation</l:description><l:license name='The Apache Software License, Version 2.0' url='http://www.apache.org/licenses/LICENSE-2.0.txt'/><l:license name='GNU Lesser General Public License, Version 2.1' url='http://www.gnu.org/licenses/lgpl-2.1.html'/></l:dependency><l:dependency name='Pipeline: Model Shaded JSON Libraries' groupId='org.jenkins-ci.lib' artifactId='pipeline-model-json-shaded' version='1.2.9' url='https://wiki.jenkins-ci.org/display/JENKINS/Pipeline+Model+Definition+Plugin'><l:description>Library plugin for Pipeline stage tag metadata</l:description><l:license name='MIT' url='http://opensource.org/licenses/MIT'/></l:dependency><l:dependency name='Jackson-datatype-json.org' groupId='com.fasterxml.jackson.datatype' artifactId='jackson-datatype-json-org' version='2.2.3' url='http://wiki.fasterxml.com/JacksonModuleProjects'><l:description>Support for datatypes of "org.json" JSON library (see http://json.org/java),
mainly to make it easier to upgrade code to Jackson, using automated conversions.</l:description><l:license name='The Apache Software License, Version 2.0' url='http://www.apache.org/licenses/LICENSE-2.0.txt'/><l:license name='GNU Lesser General Public License, Version 2.1' url='http://www.gnu.org/licenses/lgpl-2.1.html'/></l:dependency><l:dependency name='JSON (JavaScript Object Notation)' groupId='org.json' artifactId='json' version='20090211' url='http://www.json.org/java/index.html'><l:description>JSON (JavaScript Object Notation) is a lightweight data-interchange format.
    It is easy for humans to read and write. It is easy for machines to parse and generate.
    It is based on a subset of the JavaScript Programming Language, Standard ECMA-262 3rd Edition
    - December 1999. JSON is a text format that is completely language independent but uses
    conventions that are familiar to programmers of the C-family of languages, including C, C++, C#,
    Java, JavaScript, Perl, Python, and many others.
    These properties make JSON an ideal data-interchange language.</l:description><l:license name='provided without support or warranty' url='http://www.json.org/license.html'/></l:dependency></l:dependencies>