<?xml version="1.0" encoding="UTF-8"?>
<l:dependencies xmlns:l='licenses' groupId='org.jenkinsci.plugins' artifactId='pipeline-model-definition' version='1.2.9'><l:dependency name='Pipeline: Declarative' groupId='org.jenkinsci.plugins' artifactId='pipeline-model-definition' version='1.2.9' url='https://wiki.jenkins-ci.org/display/JENKINS/Pipeline+Model+Definition+Plugin'><l:description>An opinionated, declarative Pipeline</l:description><l:license name='MIT' url='http://opensource.org/licenses/MIT'/></l:dependency><l:dependency name='Annotation Indexer' groupId='org.jenkins-ci' artifactId='annotation-indexer' version='1.12' url='http://jenkins-ci.org/annotation-indexer/'><l:description>Creates index of annotations.</l:description><l:license name='MIT License' url='http://jenkins-ci.org/mit-license'/></l:dependency><l:dependency name='Jackson-core' groupId='com.fasterxml.jackson.core' artifactId='jackson-core' version='2.7.3' url='https://github.com/FasterXML/jackson-core'><l:description>Core Jackson abstractions, basic JSON streaming API implementation</l:description><l:license name='The Apache Software License, Version 2.0' url='http://www.apache.org/licenses/LICENSE-2.0.txt'/></l:dependency></l:dependencies>