<?xml version="1.0" encoding="UTF-8"?>
<l:dependencies xmlns:l='licenses' groupId='org.jenkins-ci.plugins' artifactId='ws-cleanup' version='0.34'><l:dependency name='Jenkins Workspace Cleanup Plugin' groupId='org.jenkins-ci.plugins' artifactId='ws-cleanup' version='0.34' url='http://wiki.jenkins-ci.org/display/JENKINS/Workspace+Cleanup+Plugin'><l:description>The Jenkins Plugins Parent POM Project</l:description></l:dependency><l:dependency name='JBoss Marshalling River' groupId='org.jboss.marshalling' artifactId='jboss-marshalling-river' version='1.4.9.Final' url='http://www.jboss.org/jboss-marshalling-parent/jboss-marshalling-river'><l:description>JBoss Marshalling River Implementation</l:description><l:license name='Public Domain' url='http://repository.jboss.org/licenses/cc0-1.0.txt'/></l:dependency><l:dependency name='Pipeline: Step API' groupId='org.jenkins-ci.plugins.workflow' artifactId='workflow-step-api' version='2.3' url='https://wiki.jenkins-ci.org/display/JENKINS/Pipeline+Step+API+Plugin'><l:description>The Jenkins Plugins Parent POM Project</l:description><l:license name='MIT License' url='http://opensource.org/licenses/MIT'/></l:dependency><l:dependency name='JBoss Marshalling API' groupId='org.jboss.marshalling' artifactId='jboss-marshalling' version='1.4.9.Final' url='http://www.jboss.org/jboss-marshalling-parent/jboss-marshalling'><l:description>JBoss Marshalling API</l:description><l:license name='Public Domain' url='http://repository.jboss.org/licenses/cc0-1.0.txt'/></l:dependency><l:dependency name='Pipeline: Supporting APIs' groupId='org.jenkins-ci.plugins.workflow' artifactId='workflow-support' version='2.1' url='https://wiki.jenkins-ci.org/display/JENKINS/Pipeline+Supporting+APIs+Plugin'><l:description>The Jenkins Plugins Parent POM Project</l:description><l:license name='MIT License' url='http://opensource.org/licenses/MIT'/></l:dependency><l:dependency name='Pipeline: API' groupId='org.jenkins-ci.plugins.workflow' artifactId='workflow-api' version='2.1' url='https://wiki.jenkins-ci.org/display/JENKINS/Pipeline+API+Plugin'><l:description>The Jenkins Plugins Parent POM Project</l:description><l:license name='MIT License' url='http://opensource.org/licenses/MIT'/></l:dependency></l:dependencies>